"","verbatimScientificName","X.1","X.2","X.3","X.4","X.5","X.6"
"1","Euidosomus acuminatus (Boheman, 1840)","Euidosomus acuminatus","Euidosomus acuminatus (Boheman, 1839)","Eusomus acuminatus Boheman, 1840","Eusomostrophus acuminatus (Boheman, 1840)","",""
"2","Lymnaea clavata Westerlund, 1885","Lymnaea clavata","","","","",""
"3","Lymnaea pachyta Westerlund, 1890","Lymnaea pachyta","","","","",""
"4","Trochulus bielzi (Bielz, 1860)","Trochulus bielzi","","","","",""
"5","Batavusiana irenjensis (Kobelt, 1912)","Batavusiana irenjensis","","","","",""
"6","Paraelona majewsky (Frauenfeld, 1862)","Paraelona majewsky","","","","",""
"7","Neopisidium moitesserianum (Paladilhe, 1866)","Neopisidium moitesserianum","Neopisidium moitesserianum Paladilhe, 1866","Pisidium moitessierianum Paladihe, 1866","","",""
"8","Galactella lactea (Linnaeus, 1758)","Galactella lactea","Striarca lactea (Linnaeus, 1758)","","","",""
"9","Hypanis laeviuscula (Eichwald, 1829)","Hypanis laeviuscula","","","","",""
"10","Potamon tauricum Czernyavsky,1884","Potamon tauricum","","","","",""
"11","Syrioiulus kovali (Golovatch, 2008)","Syrioiulus kovali","","","","",""
"12","Chrysochares asiaticus (Pallas, 1771)","Chrysochares asiaticus","Chrysochares asiaticus Pallas, 1771","","","",""
"13","Polyommatus anteros Freyer, 1839","Polyommatus anteros","","","","",""
"14","Chelis maculosa mannerheimi (Duponchel, 1836)","Chelis maculosa mannerheimi","","","","",""
"15","Evylaeus corvinus (Morawitz, 1876)","Evylaeus corvinus","","","","",""
"16","Agabus kessleri Hochhuth, 1871","Agabus kessleri","","","","",""
"17","Ropalopus hungaricus (Fabricius, 1775)","Ropalopus hungaricus","Ropalopus ungaricus (Herbst, 1784)","Rhopalopus hungaricus Sonthonnax, 1889","Rhopalopus hungaricus Iablokoff, 1950","",""
"18","Alaus parreyssi (Steven, 1830)","Alaus parreyssi","Calais parreysii (Steven, 1829)","Calais parreyssi Steven,1830","Alaus parreyssi Stev.","Alaus parreyssi Steven",""
"19","Glaphyrus vulpes (Fabricius, 1781)","Glaphyrus vulpes","Glaphyrus vulpes Fabricius, 1781","","","",""
"20","Gonospileia triquetra (Denis & Schiffermuller, 1775)","Gonospileia triquetra","Euclidia (Gonospileia) triquetra (Denis & Schiffermüller) 1775","Gonospileia triquetra (Denis & Schiffermüller, 1775)","","",""
"21","Neopristilophus depressus (Coermar, 1822)","Neopristilophus depressus","Neopristilophus insitivus (Germar, 1824)","Elater depressus Germar, 1822","Elater insitivus Germar, 1824","",""
"22","Cecchiniola platyscelidina (Jacobson, 1908)","Cecchiniola platyscelidina","Chrysolina (Cecchiniola) platyscelidina (Jacobson, 1898)","Chrysolina platyscelidina (Jacobson, 1898)","Chrysomela platyscelidina Jacobson, 1898","",""
"23","Eudia spini (Denis & Schiffermuller, 1775)","Eudia spini","Saturnia (Eudia) spini (Denis & Schiffermüller) 1775","Eudia spini Denis & Schiffermüller 1775","Eudia spini D.&Sch.","Eudia spini (Denis & Schifermuller, 1775)","Eudia spini Denis & Schiffermüller, 1775"
"24","Pelatea verucha Nedoshivina & Zolotuhin, 2005","Pelatea verucha","Pelatea verucha (Nedoshivina et Zolotuhin, 2005)","","","",""
"25","Xiphydria markewitshi Ermolenko, 1960","Xiphydria markewitshi","","","","",""
"26","Campsoscolia klugii (Vander Linden, 1827)","Campsoscolia klugii","Scolia klugii Vander Linden, 1827","Colpa klugii (Vander Linden, 1827)","","",""
"27","Seladonia semitecta (Morawitz, 1873)","Seladonia semitecta","","","","",""
"28","Evylaeus laevis (Kirby, 1802)","Evylaeus laevis","","","","",""
"29","Evylaeus quadrisignatus (Schenck, 1853)","Evylaeus quadrisignatus","Lasioglossum quadrisignatum (Schenck, 1853)","Hylaeus quadrisignatum Schenck, 1853","Hylaeus quadrisignatus Schenck, 1853","",""
"30","Macropis wancowiczi","Macropis wancowiczi","","","","",""
"31","Chondrostoma nasus subsp. borysthenicum Berg, 1914","Chondrostoma nasus subsp. borysthenicum","Chondrostoma nasus borysthenicum Berg, 1914","","","",""
"32","Vimba tenella (Nordmann, 1840)","Vimba tenella","Vimba vimba tenella (Nordmann, 1840)","","","",""
"33","Spermophilus odessanus Nordmann, 1840","Spermophilus odessanus","","","","",""
"34","Sicista cimlanica (Kovalskaya et al., 2000)","Sicista cimlanica","Sicista cimlanica Kovalskaya, Tikhonov, Tikhonova, Surov et Bogomolov, 2000","","","",""
"35","Nothocricetulus migratorius (Pallas, 1773)","Nothocricetulus migratorius","","","","",""
"36","Stipa donetzica Czupryna","Stipa donetzica","Stipa donetzica Chuprina","","","",""
"37","Cladophora sivashensis C.Meyer","Cladophora sivashensis","","","","",""
"38","Galium dubovikiae Ostapko","Galium dubovikiae","","","","",""
"39","Atocion hypanicum (Klokov) Tzvelev","Atocion hypanicum","","","","",""
"40","Astragalus excapus L.","Astragalus excapus","","","","",""
"41","Dasyopsis apiculata (C. Agardh) Zinova","Dasyopsis apiculata","","","","",""
"42","Phlomoides scythica (Klokov & Des.-Shost.) Czer.","Phlomoides scythica","Phlomoides scythica (Klokov et Des.-Shost.) Czer.","","","",""
"43","Ranunculus thora L. (R. tatrae Borbás))","Ranunculus thora tatrae","Ranunculus thora L.","Ranunculus carpaticus Wahlenb. ex Nyman","","",""
"44","Alectoria mirabilis Motyka, 1960","Alectoria mirabilis","","","","",""
"45","Helianthemum grandiflorum subsp. glaucescens (Murb.) Holub","Helianthemum grandiflorum subsp. glaucescens","","","","",""
"46","Scabiosa lucida subsp. barbata Nyar","Scabiosa lucida subsp. barbata","Scabiosa lucida subsp. barbata","Scabiosa lucida subsp. barbata Nyár.","","",""
"47","Enteromorpha maeotica Proschk.–Lavr.","Enteromorpha maeotica","Enteromorpha maeotica Proshkina-Lavrenko","Enteromorpha maeotica Proschkina-Lavrenko, 1945","Enteromorpha maeotica Proschk.–Lavr.","",""
"48","Cosmarium hornavanense var. mirabile Ruzicka","Cosmarium hornavanense var. mirabile","","","","",""
"49","Cosmarium hornavanense var. alpinum (Schmidle) Messinkommer","Cosmarium hornavanense var. alpinum","","","","",""
"50","Raphidiastrum monticulosum (Breb.) Pal.-Mordv.","Raphidiastrum monticulosum","","","","",""
"51","Trentepohlia jolithus (L.) Wallr. var. bovina (Flot.) Rabenh.","Trentepohlia jolithus var. bovina","","","","",""
"52","Trentepohlia aurea var. tomentosa Kutz.","Trentepohlia aurea var. tomentosa","Trentepohlia aurea (L.) Mart. var. tomentosa","Trentepohlia aurea var. tomentosa Kützing","Trentepohlia aurea (L.) Mart. var. tomentosa Kütz.","",""
"53","Ulothrix zonata var. rigia (Kutzing) Hansgirg","Ulothrix zonata var. rigia","","","","",""
"54","Ulothrix zonata var. inaequalis (Kutzing) Rabenhorst","Ulothrix zonata var. inaequalis","Ulothrix inaequalis Kütz.","","","",""
"55","Ulothrix moniliformis var. braunii (Kutzing) Hansgirg","Ulothrix moniliformis var. braunii","","","","",""
"56","Usnea motykana Bystrek & Wojciak, 1994","Usnea motykana","Ramalina motykana Bystrek","","","",""
"57","Usnea cavernosa subsp. sibirica (Rasanen) Mot.","Usnea cavernosa subsp. sibirica","","","","",""
"58","Asperula michelsoni V.Krecz.","Asperula michelsoni","","","","",""
"59","Teucrium podolicum","Teucrium podolicum","","","","",""
"60","Dasya apiculata (C. Agardh) J. Agardh","Dasya apiculata","","","","",""
"61","Ulva maeotica (Proshk.-Lavr.) P.Tsarenko in Burova & Al.","Ulva maeotica","","","","",""
"62","Bulbochaete subquadrata Mrozinska","Bulbochaete subquadrata","","","","",""
"63","Oedogonium plagiostomum Wittr. ex Hirn var. tanaiticum Y.V. Roll","Oedogonium plagiostomum var. tanaiticum","","","","",""
"64","Chaetomorpha zernovii Wononich","Chaetomorpha zernovii","Chaetomorpha zernovii Woronichin","","","",""
"65","Penium borgeanum Skuja","Penium borgeanum","","","","",""
"66","Lazarenkia kozlovii (Laz.) Boiko","Lazarenkia kozlovii","","","","",""
"67","Hericium coralloides (Fr.) Gray","Hericium coralloides","Hericium coralloides (Scop.) Pers.","","","",""
"68","Anaptychia mereschkowskii (Tomin) Kulakov","Anaptychia mereschkowskii","","","","",""
"69","Lecania ephedrae Elenk.","Lecania ephedrae","Lecania ephedrae Elenkin","","","",""
"70","Lecanora elenkinii Mereschk.","Lecanora elenkinii","Lecanora elenkinii Mereschk., 1913","","","",""
"71","Staurothele epigea Breuss et Etayo","Staurothele epigea","","","","",""
"72","Acutodesmus regularis (Svirenko) P.Tsarenko","Acutodesmus regularis","Acutodesmus regularis (D.O.Svirenko, 1924) P.M.Tsarenko, 2001","","","",""
"73","Oedogonium stictospermum (Skuja) Tiffany","Oedogonium stictospermum","","","","",""
"74","Oedogonium sodiroanum Lagerh. ex Hirn.","Oedogonium sodiroanum","Oedogonium sodiroanum Lagerh. ex Hirn","","","",""
"75","Endoclonium polymorphum Franke","Endoclonium polymorphum","","","","",""
"76","Cosmarium cyaneilacustre Lilitsk.","Cosmarium cyaneilacustre","","","","",""
"77","Cosmarium reticulatum Lilitsk.","Cosmarium reticulatum","","","","",""
"78","Spirogyra borysthenica var. ehinospora Kazan. et Smirn.","Spirogyra borysthenica var. ehinospora","","","","",""
"79","Spirogyra maxima f. woronichinia Poljansk.","Spirogyra maxima f. woronichinia","","","","",""
"80","Spirogyra pseudowoodsii V.Poljansk.","Spirogyra pseudowoodsii","","","","",""
"81","Spirogyra pseudogranulata Ley","Spirogyra pseudogranulata","Spirogyra pseudogranulata S.-H.Ley","","","",""
"82","Scenedesmus polessicus P.Tsarenko","Scenedesmus polessicus","","","","",""
"83","Uronema confervicolum var. uncinatum Popova","Uronema confervicolum var. uncinatum","","","","",""
"84","Chara uzbekistanica Hollerb.","Chara uzbekistanica","","","","",""
"85","Chlamydomonas plurivacuolatum Wawrick","Chlamydomonas plurivacuolatum","","","","",""
"86","Chlamydomonas ucrainica Demchenko, A. Massalski, Kostikov & L. Hoffm.","Chlamydomonas ucrainica","","","","",""
"87","Melaspilea oxneri Makar.","Melaspilea oxneri","","","","",""
"88","Alburnus vulturius (Costa, 1838)","Alburnus vulturius","Alburnus albidus subsp. vulturius Sommani, 1951","Alburnus albidus (Costa, 1838)","Leuciscus vulturius Costa, 1838","",""
"89","Hyacinthoides vicentina (Hoffmanns. & Link) Rothm.","Hyacinthoides vicentina","","","","",""
"90","Teucrium salviastrum subsp. salviastrum Schreber","Teucrium salviastrum","Teucrium salviastrum Schreb.","Teucrium salviastrum subsp. salviastrum","Teucrium salviastrum salviastrum","",""
"91","Rubus genevieri subsp. herminii (Samp.) P.Cout.","Rubus genevieri subsp. Herminii","Rubus genevieri herminii","","","",""
"92","Scrophularia grandiflora subsp. grandiflora DC.","Scrophularia grandiflora","Scrophularia grandiflora DC.","","","",""
"93","Scrophularia berminii Hoffmanns & Link","Scrophularia berminii","Scrophularia berminii Null","","","",""
